data;leads_gerados;leads_qualificados;vendas;fonte;tamanho_empresa;pontuacao;tempo_resposta;nivel_prioridade;cargo_Não decisor;cargo_Analista;cargo_Estagiário;cargo_Estudante;cargo_Outros;cargo_Gerente TI;cargo_Diretor;cargo_CTO;Nao_decisor;Sem_necessidade_clara;Sem_budget;Outros
2023-01-01;96;4;2;Redes Sociais;<50;21.0;70;Baixa;0;0;0;0;0;0;1;1;54;24;12;4
2023-01-02;109;5;3;Redes Sociais;<50;19.0;94;Baixa;0;0;0;0;0;1;1;1;63;30;12;1
2023-01-03;104;5;3;Redes Sociais;<50;26.0;20;Baixa;0;0;0;0;0;1;0;2;58;29;7;7
2023-01-04;100;5;3;Redes Sociais;<50;25.0;90;Baixa;0;0;0;0;0;1;1;1;60;21;10;6
2023-01-05;97;4;2;Redes Sociais;<50;21.0;107;Baixa;0;0;0;0;0;1;0;1;57;25;9;4
2023-01-06;96;4;2;Redes Sociais;<50;25.0;64;Baixa;0;0;0;0;0;1;1;0;52;32;7;3
2023-01-07;108;5;3;Redes Sociais;<50;25.0;75;Baixa;0;0;0;0;0;1;1;1;56;27;18;4
2023-01-08;100;5;3;Redes Sociais;<50;32.0;79;Média;0;0;0;0;0;0;0;3;53;24;14;6
2023-01-09;100;5;3;Redes Sociais;<50;27.0;78;Baixa;0;0;0;0;0;0;1;2;56;26;10;5
2023-01-10;93;4;3;Redes Sociais;<50;25.0;53;Baixa;0;0;0;0;0;0;1;2;58;24;4;4
2023-01-11;97;4;3;Redes Sociais;<50;15.0;82;Baixa;0;1;0;0;0;1;0;1;69;11;8;6
2023-01-12;92;4;2;Redes Sociais;<50;23.0;43;Baixa;0;0;0;0;1;0;1;0;56;20;12;2
2023-01-13;91;4;2;Redes Sociais;50-100;21.0;80;Baixa;0;0;0;0;0;2;0;0;52;19;11;7
2023-01-14;101;5;4;Redes Sociais;<50;34.0;66;Média;0;0;0;0;1;0;2;1;55;31;9;2
2023-01-15;95;4;1;Redes Sociais;<50;29.0;66;Baixa;0;0;0;0;0;1;0;0;55;23;11;5
2023-01-16;91;4;2;Redes Sociais;50-100;26.0;70;Baixa;0;0;0;0;0;1;0;1;52;25;8;4
2023-01-17;90;4;2;Redes Sociais;<50;20.0;63;Baixa;0;0;0;0;0;1;1;0;52;26;5;5
2023-01-18;101;5;2;Redes Sociais;<50;27.0;92;Baixa;0;0;0;0;0;0;1;1;60;21;9;9
2023-01-19;101;5;3;Redes Sociais;<50;14.0;79;Baixa;0;0;0;0;0;0;0;3;53;31;11;3
2023-01-20;106;5;3;Redes Sociais;<50;25.0;89;Baixa;0;0;0;0;0;0;1;2;62;25;12;4
2023-01-21;99;4;2;Redes Sociais;<50;34.0;60;Média;0;0;0;0;0;0;1;1;66;20;7;4
2023-01-22;105;5;3;Redes Sociais;50-100;35.0;78;Média;0;0;0;0;0;1;2;0;62;26;12;2
2023-01-23;104;5;4;Redes Sociais;50-100;21.0;63;Baixa;0;0;0;0;1;1;1;1;54;26;14;6
2023-01-24;104;5;4;Redes Sociais;<50;22.0;52;Baixa;0;1;0;0;0;3;0;0;57;29;9;5
2023-01-25;108;5;3;Redes Sociais;<50;27.0;58;Baixa;0;0;0;0;0;1;0;2;62;29;10;4
2023-01-26;101;5;4;Redes Sociais;50-100;31.0;90;Média;0;0;0;0;0;1;1;2;49;29;9;10
2023-01-27;109;5;3;Redes Sociais;<50;21.0;58;Baixa;0;0;0;0;0;2;1;0;60;30;10;6
2023-01-28;92;4;3;Redes Sociais;50-100;32.0;87;Média;0;0;0;0;0;0;2;1;56;16;10;7
2023-01-29;94;4;3;Redes Sociais;<50;13.0;69;Baixa;0;1;0;0;0;0;1;1;50;24;13;4
2023-01-30;108;5;3;Redes Sociais;<50;27.0;71;Baixa;0;0;0;0;0;1;1;1;67;25;8;5
2023-01-31;96;4;3;Redes Sociais;<50;32.0;111;Média;0;0;0;0;0;1;2;0;55;19;16;3
2023-02-01;98;4;2;Redes Sociais;<50;27.0;83;Baixa;0;0;0;0;0;0;1;1;40;39;12;5
2023-02-02;96;4;2;Redes Sociais;50-100;15.0;70;Baixa;1;0;0;0;1;0;0;0;58;20;12;4
2023-02-03;107;5;2;Redes Sociais;<50;23.0;46;Baixa;0;0;0;0;0;1;1;0;70;19;11;5
2023-02-04;93;4;2;Redes Sociais;<50;9.0;80;Baixa;0;0;0;0;1;1;0;0;50;24;14;3
2023-02-05;103;5;2;Redes Sociais;<50;13.0;102;Baixa;0;1;0;0;0;1;0;0;70;19;6;6
2023-02-06;107;5;2;Redes Sociais;50-100;27.0;60;Baixa;0;0;0;0;0;0;2;0;70;24;5;6
2023-02-07;98;4;2;Redes Sociais;<50;31.0;68;Média;0;0;0;0;0;0;2;0;52;25;11;8
2023-02-08;91;4;3;Redes Sociais;50-100;26.0;63;Baixa;0;0;0;0;0;0;2;1;46;23;13;6
2023-02-09;109;5;3;Redes Sociais;<50;15.0;81;Baixa;0;0;0;0;1;1;1;0;61;24;10;11
2023-02-10;104;5;2;Redes Sociais;<50;19.0;96;Baixa;0;0;0;0;0;1;0;1;60;30;10;2
2023-02-11;96;4;1;Redes Sociais;<50;21.0;81;Baixa;0;0;0;0;0;0;0;1;59;25;7;4
2023-02-12;101;5;3;Redes Sociais;50-100;17.0;67;Baixa;1;0;0;0;0;2;0;0;51;27;12;8
2023-02-13;97;4;2;Redes Sociais;<50;20.0;88;Baixa;0;0;0;0;0;1;1;0;58;26;7;4
2023-02-14;104;5;3;Redes Sociais;<50;23.0;98;Baixa;0;0;0;0;0;2;1;0;62;25;8;6
2023-02-15;92;4;3;Redes Sociais;<50;31.0;42;Média;0;0;0;0;1;0;0;2;57;21;9;2
2023-02-16;103;5;3;Redes Sociais;<50;20.0;92;Baixa;0;0;0;0;0;1;1;1;61;25;9;5
2023-02-17;106;5;3;Redes Sociais;50-100;19.0;49;Baixa;1;0;0;0;0;1;0;1;64;28;8;3
2023-02-18;93;4;3;Redes Sociais;<50;22.0;43;Baixa;0;0;0;0;1;0;1;1;48;29;7;6
2023-02-19;107;5;3;Redes Sociais;<50;5.0;90;Baixa;0;0;0;0;1;0;1;1;72;20;11;1
2023-02-20;97;4;1;Redes Sociais;<50;28.0;40;Baixa;0;0;0;0;0;0;1;0;59;23;11;3
2023-02-21;93;4;2;Redes Sociais;50-100;30.0;63;Baixa;0;0;0;0;0;0;0;2;48;29;8;6
2023-02-22;91;4;2;Redes Sociais;<50;25.0;68;Baixa;0;0;0;0;0;1;1;0;55;23;6;5
2023-02-23;95;4;2;Redes Sociais;<50;11.0;86;Baixa;0;0;0;0;1;1;0;0;55;25;8;5
2023-02-24;99;4;3;Redes Sociais;<50;38.0;73;Média;0;0;0;0;0;1;0;2;53;27;7;9
2023-02-25;93;4;2;Redes Sociais;<50;23.0;78;Baixa;0;0;0;0;0;1;1;0;49;26;12;4
2023-02-26;107;5;3;Redes Sociais;50-100;20.0;86;Baixa;0;0;0;0;0;1;1;1;67;21;12;4
2023-02-27;101;5;2;Redes Sociais;<50;23.0;106;Baixa;0;0;0;0;0;1;0;1;58;27;7;7
2023-02-28;91;4;2;Redes Sociais;<50;30.0;52;Baixa;0;0;0;0;0;1;0;1;52;20;12;5
2023-03-01;99;4;2;Redes Sociais;<50;36.0;86;Média;0;0;0;0;0;0;0;2;64;19;13;1
2023-03-02;93;4;3;Redes Sociais;<50;19.0;64;Baixa;0;0;0;0;0;1;1;1;52;24;8;6
2023-03-03;103;5;3;Redes Sociais;<50;18.0;63;Baixa;0;0;0;0;0;0;0;3;61;19;13;7
2023-03-04;105;5;3;Redes Sociais;<50;16.0;78;Baixa;0;0;0;0;1;0;1;1;62;29;8;3
2023-03-05;104;5;3;Redes Sociais;<50;22.0;48;Baixa;0;0;0;0;0;1;1;1;54;24;13;10
2023-03-06;97;4;3;Redes Sociais;<50;19.0;65;Baixa;0;0;0;0;0;1;1;1;52;29;7;6
2023-03-07;103;5;3;Redes Sociais;50-100;29.0;86;Baixa;0;0;0;0;0;1;0;2;52;29;15;4
2023-03-08;97;4;2;Redes Sociais;<50;0.0;52;Baixa;0;0;0;0;1;1;0;0;61;22;9;3
2023-03-09;105;5;3;Redes Sociais;50-100;28.0;64;Baixa;0;0;0;0;0;0;0;3;58;31;8;5
2023-03-10;102;5;4;Redes Sociais;50-100;33.0;98;Média;0;0;0;0;0;0;2;2;55;28;9;6
2023-03-11;107;5;3;Redes Sociais;<50;32.0;52;Média;0;0;0;0;0;0;0;3;68;26;8;2
2023-03-12;104;5;3;Redes Sociais;<50;31.0;71;Média;0;0;0;0;1;0;0;2;52;35;10;4
2023-03-13;102;5;3;Redes Sociais;50-100;23.0;71;Baixa;0;0;0;0;0;2;0;1;64;21;8;6
2023-03-14;98;4;1;Redes Sociais;50-100;12.0;91;Baixa;1;0;0;0;0;0;0;0;50;31;11;5
2023-03-15;104;5;2;Redes Sociais;<50;24.0;70;Baixa;0;0;0;0;0;0;2;0;63;28;7;4
2023-03-16;102;5;3;Redes Sociais;<50;26.0;67;Baixa;0;0;0;0;0;1;1;1;58;21;12;8
2023-03-17;90;4;3;Redes Sociais;50-100;34.0;96;Média;0;0;0;0;0;1;0;2;49;25;8;5
2023-03-18;96;4;3;Redes Sociais;<50;19.0;54;Baixa;0;0;0;0;0;0;1;2;54;24;8;7
2023-03-19;98;4;2;Redes Sociais;<50;26.0;81;Baixa;0;0;0;0;0;1;1;0;55;25;9;7
2023-03-20;90;4;2;Redes Sociais;<50;27.0;78;Baixa;0;0;0;0;0;0;1;1;51;21;12;4
2023-03-21;101;5;2;Redes Sociais;<50;22.0;77;Baixa;0;0;0;0;0;0;2;0;60;29;7;3
2023-03-22;97;4;2;Redes Sociais;<50;30.0;59;Baixa;0;0;0;0;0;2;0;0;67;18;8;2
2023-03-23;100;5;3;Redes Sociais;<50;28.0;58;Baixa;0;0;0;0;0;0;2;1;58;18;16;5
2023-03-24;108;5;3;Redes Sociais;<50;21.0;65;Baixa;0;0;0;0;1;0;1;1;69;18;11;7
2023-03-25;106;5;4;Redes Sociais;50-100;27.0;72;Baixa;0;0;0;0;0;0;2;2;56;35;8;3
2023-03-26;97;4;3;Redes Sociais;<50;19.0;70;Baixa;0;0;0;0;0;2;0;1;58;24;7;5
2023-03-27;92;4;2;Redes Sociais;<50;18.0;81;Baixa;0;0;0;0;0;1;1;0;50;20;9;11
2023-03-28;92;4;2;Redes Sociais;<50;15.0;69;Baixa;0;0;1;0;0;0;1;0;64;19;4;3
2023-03-29;90;4;3;Redes Sociais;50-100;18.0;71;Baixa;0;0;0;0;0;1;2;0;61;15;6;5
2023-03-30;94;4;2;Redes Sociais;<50;27.0;60;Baixa;0;0;0;0;0;0;1;1;54;25;9;4
2023-03-31;99;4;2;Redes Sociais;<50;11.0;88;Baixa;0;0;0;0;0;0;1;1;60;22;11;4
2023-04-01;96;4;3;Redes Sociais;<50;23.0;78;Baixa;0;0;0;0;0;2;1;0;52;18;15;8
2023-04-02;98;4;2;Redes Sociais;50-100;8.0;53;Baixa;1;0;0;0;0;0;0;1;59;27;6;4
2023-04-03;96;4;1;Redes Sociais;<50;30.0;84;Baixa;0;0;0;0;0;0;1;0;58;24;8;5
2023-04-04;98;4;3;Redes Sociais;<50;29.0;66;Baixa;0;0;0;0;0;0;2;1;56;29;6;4
2023-04-05;97;4;3;Redes Sociais;<50;19.0;68;Baixa;0;0;0;0;0;2;0;1;52;29;9;4
2023-04-06;101;5;3;Redes Sociais;50-100;20.0;85;Baixa;0;0;0;0;1;0;1;1;67;19;8;4
2023-04-07;91;4;3;Redes Sociais;<50;36.0;62;Média;0;0;0;0;0;0;2;1;46;29;8;5
2023-04-08;90;4;3;Redes Sociais;<50;0.0;65;Baixa;0;0;0;1;0;1;1;0;51;25;7;4
2023-04-09;105;5;2;Redes Sociais;<50;34.0;71;Média;0;0;0;0;0;0;2;0;62;29;10;2
2023-04-10;94;4;3;Redes Sociais;<50;24.0;72;Baixa;0;0;0;0;0;2;0;1;53;20;17;1
2023-04-11;92;4;3;Redes Sociais;<50;20.0;50;Baixa;0;0;0;0;0;1;1;1;61;19;6;3
2023-04-12;101;5;3;Redes Sociais;<50;25.0;63;Baixa;0;0;0;0;0;1;2;0;57;22;12;7
2023-04-13;97;4;2;Redes Sociais;<50;16.0;69;Baixa;0;0;0;0;0;1;1;0;55;24;10;6
2023-04-14;92;4;2;Redes Sociais;<50;24.0;56;Baixa;0;0;0;0;0;1;0;1;55;18;10;7
2023-04-15;90;4;3;Redes Sociais;<50;18.0;67;Baixa;0;0;0;0;0;1;2;0;51;23;8;5
2023-04-16;92;4;3;Redes Sociais;<50;27.0;78;Baixa;0;0;0;0;0;1;0;2;56;27;4;2
2023-04-17;94;4;2;Redes Sociais;50-100;39.0;70;Média;0;0;0;0;0;0;0;2;58;21;11;2
2023-04-18;104;5;4;Redes Sociais;<50;23.0;38;Baixa;0;0;0;0;0;0;3;1;62;23;12;3
2023-04-19;103;5;4;Redes Sociais;<50;16.0;77;Baixa;0;0;0;0;0;0;2;2;61;23;12;3
2023-04-20;92;4;2;Redes Sociais;<50;27.0;83;Baixa;0;0;0;0;0;0;1;1;51;30;5;4
2023-04-21;90;4;2;Redes Sociais;<50;25.0;103;Baixa;0;0;0;0;0;0;1;1;51;23;9;5
2023-04-22;94;4;2;Redes Sociais;50-100;27.0;72;Baixa;0;0;0;0;0;1;1;0;54;23;11;4
2023-04-23;103;5;2;Redes Sociais;<50;17.0;64;Baixa;0;0;0;0;0;2;0;0;71;18;7;5
2023-04-24;96;4;3;Redes Sociais;<50;13.0;50;Baixa;0;0;1;0;1;0;0;1;55;19;11;8
2023-04-25;98;4;3;Redes Sociais;<50;29.0;61;Baixa;0;0;0;0;0;0;1;2;54;30;6;5
2023-04-26;104;5;4;Redes Sociais;<50;21.0;65;Baixa;0;0;0;0;0;0;3;1;55;27;10;8
2023-04-27;104;5;2;Redes Sociais;50-100;27.0;62;Baixa;0;0;0;0;0;1;0;1;59;29;9;5
2023-04-28;99;4;3;Redes Sociais;50-100;35.0;96;Média;0;0;0;0;0;0;1;2;63;16;14;3
2023-04-29;102;5;4;Redes Sociais;<50;17.0;59;Baixa;0;0;0;0;0;3;1;0;62;18;10;8
2023-04-30;108;5;3;Redes Sociais;<50;22.0;57;Baixa;0;0;0;0;0;2;0;1;63;26;13;3
2023-05-01;96;4;2;Redes Sociais;50-100;32.0;78;Média;0;0;0;0;0;0;2;0;51;28;7;8
2023-05-02;106;5;3;Redes Sociais;50-100;30.0;94;Baixa;0;0;0;0;0;0;2;1;66;25;6;6
2023-05-03;109;5;4;Redes Sociais;<50;26.0;65;Baixa;0;0;0;0;0;2;2;0;62;27;12;4
2023-05-04;93;4;3;Redes Sociais;<50;18.0;83;Baixa;0;0;0;0;0;1;1;1;50;28;6;6
2023-05-05;94;4;3;Redes Sociais;<50;14.0;55;Baixa;0;0;0;0;1;0;1;1;49;24;11;7
2023-05-06;96;4;3;Redes Sociais;50-100;22.0;73;Baixa;0;0;0;0;0;2;0;1;46;32;13;2
2023-05-07;102;5;3;Redes Sociais;<50;9.0;77;Baixa;0;0;0;0;1;1;1;0;65;18;11;5
2023-05-08;104;5;3;Redes Sociais;<50;7.0;81;Baixa;1;0;0;0;0;1;0;1;61;21;15;4
2023-05-09;100;5;3;Redes Sociais;<50;20.0;79;Baixa;0;0;0;0;1;1;0;1;50;26;13;8
2023-05-10;93;4;2;Redes Sociais;<50;19.0;50;Baixa;0;0;0;0;0;1;1;0;54;28;6;3
2023-05-11;102;5;4;Redes Sociais;<50;15.0;79;Baixa;0;0;0;0;1;2;1;0;67;21;4;6
2023-05-12;96;4;2;Redes Sociais;<50;29.0;64;Baixa;0;0;0;0;0;1;0;1;59;24;8;3
2023-05-13;108;5;3;Redes Sociais;50-100;26.0;63;Baixa;0;0;0;0;0;2;0;1;58;26;14;7
2023-05-14;91;4;2;Redes Sociais;50-100;26.0;63;Baixa;0;0;0;0;0;0;1;1;56;17;14;2
2023-05-15;99;4;2;Redes Sociais;<50;17.0;83;Baixa;0;0;0;0;0;1;0;1;58;14;17;8
2023-05-16;102;5;3;Redes Sociais;<50;26.0;107;Baixa;0;0;0;0;0;0;1;2;59;24;13;3
2023-05-17;95;4;3;Redes Sociais;<50;27.0;82;Baixa;0;1;0;0;0;0;2;0;59;22;10;1
2023-05-18;101;5;2;Redes Sociais;<50;29.0;69;Baixa;0;0;0;0;0;0;1;1;65;24;5;5
2023-05-19;101;5;3;Redes Sociais;<50;24.0;78;Baixa;0;0;0;0;0;1;1;1;64;20;6;8
2023-05-20;109;5;3;Redes Sociais;50-100;25.0;82;Baixa;0;0;0;0;0;0;1;2;62;34;7;3
2023-05-21;100;5;3;Redes Sociais;<50;22.0;83;Baixa;0;0;0;0;0;0;1;2;58;25;6;8
2023-05-22;96;4;2;Redes Sociais;50-100;11.0;68;Baixa;0;0;0;1;0;1;0;0;58;22;11;3
2023-05-23;90;4;2;Redes Sociais;<50;25.0;58;Baixa;0;0;0;0;0;0;1;1;58;18;7;5
2023-05-24;90;4;3;Redes Sociais;<50;39.0;57;Média;0;0;0;0;0;0;1;2;55;26;3;3
2023-05-25;109;5;2;Redes Sociais;<50;20.0;59;Baixa;0;0;0;0;1;0;1;0;60;28;13;6
2023-05-26;102;5;4;Redes Sociais;<50;35.0;80;Média;0;0;0;0;0;1;3;0;56;25;10;7
2023-05-27;98;4;2;Redes Sociais;<50;21.0;86;Baixa;0;0;0;0;0;1;1;0;58;25;9;4
2023-05-28;92;4;2;Redes Sociais;50-100;15.0;66;Baixa;0;0;1;0;0;0;0;1;46;33;6;5
2023-05-29;96;4;3;Redes Sociais;50-100;25.0;83;Baixa;0;0;0;0;0;1;1;1;61;22;8;2
2023-05-30;95;4;2;Redes Sociais;50-100;35.0;42;Média;0;0;0;0;0;1;0;1;57;27;4;5
2023-05-31;97;4;2;Redes Sociais;<50;28.0;67;Baixa;0;0;0;0;0;0;2;0;68;17;5;5
2023-06-01;98;4;3;Redes Sociais;<50;30.0;65;Baixa;0;0;0;0;0;1;1;1;66;16;10;3
2023-06-02;94;4;1;Redes Sociais;<50;31.0;79;Média;0;0;0;0;0;0;0;1;55;26;9;3
2023-06-03;90;4;3;Redes Sociais;<50;39.0;93;Média;0;0;0;0;0;1;0;2;59;16;8;4
2023-06-04;108;5;4;Redes Sociais;<50;26.0;83;Baixa;0;0;0;0;0;3;1;0;72;21;5;6
2023-06-05;99;4;2;Redes Sociais;<50;33.0;119;Média;0;0;0;0;0;0;0;2;51;29;15;2
2023-06-06;101;5;3;Redes Sociais;<50;20.0;74;Baixa;0;0;0;0;0;1;2;0;62;27;6;3
2023-06-07;104;5;3;Redes Sociais;50-100;24.0;88;Baixa;0;0;0;0;0;2;0;1;59;26;11;5
2023-06-08;98;4;3;Redes Sociais;<50;36.0;94;Média;0;0;0;0;0;1;1;1;51;30;9;5
2023-06-09;109;5;3;Redes Sociais;<50;27.0;76;Baixa;0;0;0;0;0;1;1;1;73;19;9;5
2023-06-10;106;5;2;Redes Sociais;<50;23.0;70;Baixa;0;0;0;0;0;1;1;0;69;21;8;6
2023-06-11;106;5;4;Redes Sociais;<50;33.0;77;Média;0;0;0;0;0;1;1;2;61;24;12;5
2023-06-12;109;5;3;Redes Sociais;50-100;27.0;56;Baixa;0;0;0;0;1;2;0;0;63;27;10;6
2023-06-13;101;5;3;Redes Sociais;<50;29.0;79;Baixa;0;0;0;0;0;0;0;3;54;27;16;1
2023-06-14;96;4;2;Redes Sociais;<50;28.0;67;Baixa;0;0;0;0;0;0;1;1;54;24;11;5
2023-06-15;91;4;2;Redes Sociais;<50;26.0;82;Baixa;0;0;0;0;0;0;2;0;57;15;14;3
2023-06-16;92;4;3;Redes Sociais;<50;24.0;81;Baixa;0;0;0;0;0;2;0;1;54;22;9;4
2023-06-17;106;5;3;Redes Sociais;<50;33.0;83;Média;0;0;0;0;0;0;2;1;63;21;12;7
2023-06-18;94;4;3;Redes Sociais;<50;5.0;67;Baixa;0;1;0;0;0;1;0;1;56;21;9;5
2023-06-19;106;5;2;Redes Sociais;<50;19.0;71;Baixa;0;0;0;0;0;1;0;1;70;15;15;4
2023-06-20;106;5;3;Redes Sociais;<50;23.0;80;Baixa;0;0;0;0;0;0;3;0;69;23;9;2
2023-06-21;106;5;4;Redes Sociais;50-100;34.0;71;Média;0;0;0;0;0;0;1;3;59;29;10;4
2023-06-22;91;4;2;Redes Sociais;50-100;6.0;100;Baixa;1;0;0;0;0;0;1;0;57;20;7;5
2023-06-23;91;4;3;Redes Sociais;50-100;29.0;92;Baixa;0;0;0;0;0;1;2;0;49;28;6;5
2023-06-24;94;4;2;Redes Sociais;<50;24.0;44;Baixa;0;0;0;0;0;0;1;1;47;30;9;6
2023-06-25;90;4;3;Redes Sociais;<50;21.0;64;Baixa;0;0;0;0;0;1;1;1;50;23;11;3
2023-06-26;90;4;2;Redes Sociais;50-100;25.0;89;Baixa;0;0;0;0;0;0;1;1;43;26;13;6
2023-06-27;108;5;3;Redes Sociais;<50;21.0;82;Baixa;0;0;0;0;0;0;2;1;60;26;10;9
2023-06-28;91;4;2;Redes Sociais;50-100;34.0;68;Média;0;0;0;0;0;1;1;0;49;23;12;5
2023-06-29;101;5;3;Redes Sociais;<50;26.0;50;Baixa;0;0;0;0;0;1;1;1;59;26;9;4
2023-06-30;95;4;2;Redes Sociais;50-100;36.0;84;Média;0;0;0;0;0;1;0;1;46;32;12;3
2023-07-01;93;4;2;Redes Sociais;<50;21.0;64;Baixa;0;0;0;0;0;0;2;0;50;21;12;8
2023-07-02;100;5;3;Redes Sociais;<50;27.0;77;Baixa;0;0;0;0;0;0;0;3;71;16;8;2
2023-07-03;106;5;3;Redes Sociais;<50;23.0;75;Baixa;0;0;0;0;0;0;1;2;72;18;9;4
2023-07-04;95;4;2;Redes Sociais;<50;25.0;62;Baixa;0;0;0;0;0;0;1;1;55;21;15;2
2023-07-05;94;4;2;Redes Sociais;<50;14.0;79;Baixa;0;0;0;0;1;0;0;1;60;18;11;3
2023-07-06;109;5;3;Redes Sociais;50-100;26.0;64;Baixa;0;0;0;0;0;0;2;1;58;33;14;1
2023-07-07;91;4;2;Redes Sociais;50-100;24.0;80;Baixa;0;0;0;0;0;1;0;1;52;21;14;2
2023-07-08;95;4;2;Redes Sociais;<50;29.0;65;Baixa;0;0;0;0;0;1;1;0;59;23;8;3
2023-07-09;100;5;4;Redes Sociais;<50;29.0;65;Baixa;0;0;0;0;0;1;3;0;61;23;9;3
2023-07-10;105;5;2;Redes Sociais;50-100;25.0;48;Baixa;0;0;0;0;0;1;0;1;58;26;13;6
2023-07-11;105;5;3;Redes Sociais;<50;16.0;61;Baixa;0;0;0;0;0;2;1;0;64;21;12;5
2023-07-12;90;4;2;Redes Sociais;<50;2.0;75;Baixa;0;0;1;0;0;0;0;1;58;19;7;4
2023-07-13;98;4;2;Redes Sociais;<50;28.0;71;Baixa;0;0;0;0;0;0;0;2;66;20;8;2
2023-07-14;95;4;1;Redes Sociais;50-100;21.0;86;Baixa;0;0;0;0;0;1;0;0;50;30;8;6
2023-07-15;105;5;1;Redes Sociais;<50;22.0;67;Baixa;0;0;0;0;0;0;0;1;60;30;12;2
2023-07-16;92;4;2;Redes Sociais;<50;19.0;73;Baixa;0;0;0;0;0;1;0;1;56;24;8;2
2023-07-17;109;5;4;Redes Sociais;50-100;11.0;53;Baixa;0;0;0;0;1;1;1;1;58;33;9;5
2023-07-18;93;4;2;Redes Sociais;50-100;34.0;65;Média;0;0;0;0;0;0;0;2;58;21;10;2
2023-07-19;108;5;3;Redes Sociais;<50;18.0;72;Baixa;0;0;1;0;0;0;1;1;66;26;11;2
2023-07-20;92;4;2;Redes Sociais;<50;18.0;57;Baixa;0;0;0;0;0;1;1;0;58;22;9;1
2023-07-21;108;5;2;Redes Sociais;<50;27.0;62;Baixa;0;0;0;0;0;0;1;1;70;25;7;4
2023-07-22;109;5;2;Redes Sociais;<50;21.0;71;Baixa;0;0;0;0;0;1;1;0;63;27;13;4
2023-07-23;96;4;2;Redes Sociais;50-100;18.0;85;Baixa;0;0;0;0;0;1;1;0;65;18;8;3
2023-07-24;109;5;4;Redes Sociais;<50;23.0;42;Baixa;0;0;0;0;0;2;2;0;67;19;13;6
2023-07-25;98;4;3;Redes Sociais;<50;29.0;86;Baixa;0;0;0;0;0;0;1;2;50;27;7;11
2023-07-26;90;4;2;Redes Sociais;50-100;25.0;89;Baixa;0;0;0;0;0;0;0;2;58;19;8;3
2023-07-27;97;4;2;Redes Sociais;50-100;27.0;69;Baixa;0;0;0;0;0;1;0;1;55;22;13;5
2023-07-28;96;4;2;Redes Sociais;<50;14.0;46;Baixa;0;0;0;0;0;1;1;0;55;26;6;7
2023-07-29;107;5;3;Redes Sociais;<50;30.0;83;Baixa;0;0;0;1;0;0;2;0;63;25;10;6
2023-07-30;97;4;3;Redes Sociais;<50;29.0;72;Baixa;0;0;0;0;0;1;2;0;49;33;10;2
2023-07-31;90;4;2;Redes Sociais;<50;2.0;58;Baixa;0;0;0;0;1;0;1;0;49;27;10;2
2023-08-01;100;5;3;Redes Sociais;<50;13.0;59;Baixa;0;0;0;0;0;1;1;1;60;27;8;2
2023-08-02;107;5;3;Redes Sociais;<50;15.0;107;Baixa;0;0;0;0;1;1;1;0;60;28;12;4
2023-08-03;99;4;3;Redes Sociais;<50;19.0;78;Baixa;0;0;0;0;0;3;0;0;55;23;12;6
2023-08-04;92;4;2;Redes Sociais;<50;24.0;52;Baixa;0;0;0;0;0;0;1;1;66;15;7;2
2023-08-05;96;4;2;Redes Sociais;<50;16.0;79;Baixa;0;0;0;0;0;0;2;0;63;20;10;1
2023-08-06;105;5;4;Redes Sociais;50-100;35.0;50;Média;0;0;0;0;0;0;1;3;61;20;11;9
2023-08-07;105;5;3;Redes Sociais;<50;10.0;82;Baixa;0;0;0;0;2;0;0;1;59;27;11;5
2023-08-08;109;5;4;Redes Sociais;<50;17.0;80;Baixa;0;0;0;0;0;3;0;1;65;23;12;5
2023-08-09;106;5;3;Redes Sociais;<50;16.0;67;Baixa;1;0;0;0;1;0;0;1;66;26;7;4
2023-08-10;91;4;2;Redes Sociais;50-100;38.0;69;Média;0;0;0;0;0;1;1;0;54;19;12;4
2023-08-11;90;4;2;Redes Sociais;<50;32.0;80;Média;0;0;0;0;0;0;1;1;55;20;7;6
2023-08-12;105;5;4;Redes Sociais;50-100;20.0;61;Baixa;0;0;0;0;0;2;1;1;57;32;6;6
2023-08-13;101;5;2;Redes Sociais;<50;14.0;64;Baixa;0;0;0;0;0;1;0;1;60;29;6;4
2023-08-14;94;4;2;Redes Sociais;<50;21.0;67;Baixa;0;0;0;0;0;0;1;1;55;25;8;4
2023-08-15;94;4;2;Redes Sociais;<50;23.0;62;Baixa;0;0;0;0;0;0;0;2;49;27;10;6
2023-08-16;98;4;3;Redes Sociais;<50;33.0;67;Média;0;0;0;0;0;0;1;2;53;28;10;4
2023-08-17;98;4;3;Redes Sociais;<50;30.0;66;Baixa;0;0;0;0;0;0;0;3;52;30;13;0
2023-08-18;92;4;2;Redes Sociais;<50;5.0;51;Baixa;0;0;0;0;1;0;1;0;54;27;7;2
2023-08-19;108;5;3;Redes Sociais;<50;24.0;91;Baixa;0;0;0;0;0;1;1;1;57;28;16;4
2023-08-20;105;5;3;Redes Sociais;<50;18.0;85;Baixa;0;0;0;0;0;1;1;1;73;22;4;3
2023-08-21;105;5;2;Redes Sociais;50-100;22.0;73;Baixa;0;0;0;0;0;1;0;1;74;16;7;6
2023-08-22;92;4;2;Redes Sociais;<50;25.0;87;Baixa;0;0;0;0;0;2;0;0;44;29;10;7
2023-08-23;109;5;3;Redes Sociais;<50;11.0;75;Baixa;0;0;0;0;1;0;1;1;78;12;10;6
2023-08-24;90;4;1;Redes Sociais;<50;33.0;70;Média;0;0;0;0;0;0;0;1;56;21;7;5
2023-08-25;109;5;2;Redes Sociais;<50;24.0;74;Baixa;0;0;0;0;0;1;0;1;61;29;9;8
2023-08-26;100;5;3;Redes Sociais;50-100;12.0;60;Baixa;0;0;0;0;1;1;0;1;62;20;11;4
2023-08-27;106;5;3;Redes Sociais;<50;23.0;82;Baixa;0;0;0;0;0;1;1;1;66;28;5;4
2023-08-28;97;4;1;Redes Sociais;<50;18.0;74;Baixa;0;0;0;0;0;0;1;0;65;21;7;3
2023-08-29;93;4;3;Redes Sociais;<50;22.0;98;Baixa;0;0;0;0;0;3;0;0;45;30;11;4
2023-08-30;95;4;2;Redes Sociais;50-100;26.0;76;Baixa;0;0;0;0;0;1;0;1;48;29;10;6
2023-08-31;97;4;2;Redes Sociais;<50;28.0;84;Baixa;0;0;0;0;0;0;2;0;61;24;8;2
2023-09-01;109;5;3;Redes Sociais;50-100;33.0;93;Média;0;0;0;0;0;1;1;1;57;29;10;10
2023-09-02;92;4;3;Redes Sociais;<50;27.0;77;Baixa;0;0;0;0;0;1;2;0;50;25;10;4
2023-09-03;105;5;2;Redes Sociais;<50;23.0;51;Baixa;0;0;0;0;0;1;0;1;62;28;7;6
2023-09-04;92;4;2;Redes Sociais;<50;22.0;53;Baixa;0;0;0;0;0;0;1;1;59;18;10;3
2023-09-05;107;5;4;Redes Sociais;<50;30.0;67;Baixa;0;0;0;0;0;0;1;3;64;23;12;4
2023-09-06;103;5;3;Redes Sociais;50-100;31.0;92;Média;0;0;0;0;0;1;2;0;63;21;11;5
2023-09-07;107;5;2;Redes Sociais;<50;18.0;68;Baixa;0;0;0;0;0;1;0;1;67;23;8;7
2023-09-08;91;4;3;Redes Sociais;<50;25.0;101;Baixa;0;0;0;0;0;1;1;1;56;17;7;8
2023-09-09;92;4;3;Redes Sociais;50-100;24.0;87;Baixa;0;0;0;0;0;0;0;3;54;21;11;3
2023-09-10;105;5;3;Redes Sociais;50-100;27.0;58;Baixa;0;0;0;0;0;0;1;2;52;33;13;4
2023-09-11;98;4;2;Redes Sociais;<50;27.0;87;Baixa;0;0;0;0;0;1;0;1;57;23;12;4
2023-09-12;93;4;2;Redes Sociais;50-100;16.0;67;Baixa;0;0;0;0;0;1;0;1;52;21;11;7
2023-09-13;90;4;2;Redes Sociais;50-100;23.0;75;Baixa;0;0;0;0;0;1;0;1;52;24;10;2
2023-09-14;93;4;2;Redes Sociais;<50;16.0;78;Baixa;0;0;0;0;0;0;2;0;49;27;11;4
2023-09-15;90;4;3;Redes Sociais;<50;17.0;76;Baixa;0;0;0;0;1;0;1;1;51;15;12;9
2023-09-16;103;5;3;Redes Sociais;<50;42.0;56;Média;0;0;0;0;0;0;1;2;67;23;7;3
2023-09-17;105;5;3;Redes Sociais;<50;27.0;67;Baixa;0;0;0;0;0;2;1;0;54;28;12;8
2023-09-18;109;5;3;Redes Sociais;<50;16.0;72;Baixa;0;0;0;0;0;1;1;1;58;28;10;10
2023-09-19;97;4;2;Redes Sociais;50-100;23.0;87;Baixa;0;0;0;0;0;2;0;0;60;23;11;1
2023-09-20;96;4;1;Redes Sociais;<50;26.0;59;Baixa;0;0;0;0;0;0;1;0;58;19;6;12
2023-09-21;92;4;1;Redes Sociais;<50;33.0;78;Média;0;0;0;0;0;0;0;1;51;24;12;4
2023-09-22;106;5;2;Redes Sociais;<50;38.0;82;Média;0;0;0;0;0;0;1;1;53;31;12;8
2023-09-23;90;4;1;Redes Sociais;50-100;21.0;64;Baixa;0;0;0;0;0;0;0;1;51;22;10;6
2023-09-24;105;5;2;Redes Sociais;<50;21.0;69;Baixa;0;0;0;0;0;1;0;1;63;23;7;10
2023-09-25;101;5;3;Redes Sociais;50-100;27.0;73;Baixa;0;0;0;0;0;0;1;2;50;28;16;4
2023-09-26;108;5;3;Redes Sociais;50-100;23.0;82;Baixa;0;0;0;0;0;1;2;0;62;23;12;8
2023-09-27;103;5;2;Redes Sociais;50-100;32.0;85;Média;0;0;0;0;0;0;1;1;57;26;13;5
2023-09-28;95;4;3;Redes Sociais;<50;12.0;88;Baixa;0;0;0;0;1;1;1;0;47;34;7;4
2023-09-29;95;4;2;Redes Sociais;<50;25.0;68;Baixa;0;0;0;0;0;0;0;2;51;25;13;4
2023-09-30;102;5;2;Redes Sociais;<50;24.0;68;Baixa;0;0;0;0;0;1;1;0;57;25;13;5
2023-10-01;108;5;2;Redes Sociais;<50;23.0;81;Baixa;0;0;0;0;0;1;0;1;57;33;10;6
2023-10-02;97;4;2;Redes Sociais;<50;24.0;68;Baixa;0;0;0;0;0;1;0;1;53;29;11;2
2023-10-03;91;4;3;Redes Sociais;<50;28.0;81;Baixa;0;0;0;0;0;1;1;1;60;15;9;4
2023-10-04;90;4;2;Redes Sociais;50-100;11.0;61;Baixa;1;0;0;0;0;0;0;1;51;27;7;3
2023-10-05;104;5;3;Redes Sociais;<50;21.0;40;Baixa;0;0;0;0;0;0;1;2;61;26;10;4
2023-10-06;90;4;2;Redes Sociais;50-100;25.0;89;Baixa;0;0;0;0;0;2;0;0;50;20;12;6
2023-10-07;94;4;3;Redes Sociais;<50;31.0;78;Média;0;0;0;0;0;1;1;1;61;19;8;3
2023-10-08;105;5;3;Redes Sociais;50-100;27.0;63;Baixa;0;0;0;0;0;1;1;1;64;22;12;4
2023-10-09;108;5;4;Redes Sociais;<50;26.0;59;Baixa;0;0;0;0;0;1;3;0;68;21;11;4
2023-10-10;93;4;2;Redes Sociais;<50;29.0;113;Baixa;0;0;0;0;0;0;2;0;54;18;13;6
2023-10-11;92;4;3;Redes Sociais;50-100;17.0;56;Baixa;0;0;0;0;0;1;1;1;53;21;8;7
2023-10-12;106;5;4;Redes Sociais;50-100;34.0;62;Média;0;0;0;0;0;0;2;2;72;17;6;7
2023-10-13;106;5;3;Redes Sociais;<50;6.0;65;Baixa;0;0;1;0;0;1;1;0;61;33;8;1
2023-10-14;101;5;4;Redes Sociais;<50;15.0;74;Baixa;0;0;0;0;1;1;1;1;54;26;15;2
2023-10-15;103;5;4;Redes Sociais;<50;25.0;70;Baixa;0;0;0;0;0;2;2;0;53;29;14;3
2023-10-16;95;4;2;Redes Sociais;<50;24.0;62;Baixa;0;0;0;0;0;1;1;0;56;25;7;5
2023-10-17;92;4;2;Redes Sociais;50-100;29.0;103;Baixa;0;0;0;0;0;0;1;1;57;26;3;4
2023-10-18;98;4;3;Redes Sociais;<50;19.0;44;Baixa;0;0;0;0;0;2;1;0;59;24;6;6
2023-10-19;94;4;3;Redes Sociais;50-100;18.0;68;Baixa;0;0;0;0;0;3;0;0;55;23;11;2
2023-10-20;106;5;3;Redes Sociais;<50;30.0;53;Baixa;0;0;0;0;0;1;2;0;62;29;10;2
2023-10-21;103;5;2;Redes Sociais;<50;17.0;64;Baixa;0;0;0;0;0;1;0;1;65;21;11;4
2023-10-22;92;4;2;Redes Sociais;<50;18.0;88;Baixa;0;0;0;0;0;1;0;1;46;30;9;5
2023-10-23;90;4;2;Redes Sociais;<50;21.0;75;Baixa;0;0;0;0;0;1;0;1;56;16;12;4
2023-10-24;109;5;3;Redes Sociais;50-100;28.0;66;Baixa;0;0;0;0;1;0;0;2;69;21;12;4
2023-10-25;90;4;2;Redes Sociais;<50;34.0;85;Média;0;0;0;0;0;0;0;2;47;27;9;5
2023-10-26;92;4;3;Redes Sociais;<50;25.0;81;Baixa;0;0;0;0;0;0;0;3;64;16;4;5
2023-10-27;107;5;3;Redes Sociais;<50;30.0;55;Baixa;0;0;0;0;0;0;1;2;71;23;6;4
2023-10-28;99;4;1;Redes Sociais;50-100;35.0;55;Média;0;0;0;0;0;0;1;0;63;24;4;7
2023-10-29;92;4;2;Redes Sociais;<50;24.0;74;Baixa;0;0;0;0;0;0;1;1;54;19;9;8
2023-10-30;97;4;2;Redes Sociais;<50;29.0;68;Baixa;0;0;0;0;0;2;0;0;61;22;9;3
2023-10-31;103;5;3;Redes Sociais;<50;32.0;85;Média;0;0;0;0;0;0;2;1;67;16;8;9
2023-11-01;107;5;4;Redes Sociais;<50;19.0;77;Baixa;0;0;0;0;0;1;1;2;63;21;13;6
2023-11-02;104;5;2;Redes Sociais;<50;12.0;59;Baixa;0;1;0;0;1;0;0;0;59;24;15;4
2023-11-03;91;4;2;Redes Sociais;50-100;29.0;78;Baixa;0;0;0;0;0;0;1;1;57;22;6;4
2023-11-04;99;4;2;Redes Sociais;<50;11.0;64;Baixa;0;1;0;0;0;1;0;0;59;20;11;7
2023-11-05;91;4;2;Redes Sociais;<50;27.0;76;Baixa;0;0;0;0;0;1;0;1;56;19;9;5
2023-11-06;106;5;3;Redes Sociais;<50;23.0;75;Baixa;0;0;0;0;0;2;0;1;64;28;10;1
2023-11-07;97;4;3;Redes Sociais;<50;23.0;89;Baixa;0;0;0;0;0;2;0;1;57;24;11;2
2023-11-08;90;4;2;Redes Sociais;50-100;31.0;64;Média;0;0;0;0;0;1;1;0;47;25;10;6
2023-11-09;98;4;3;Redes Sociais;50-100;18.0;66;Baixa;0;0;0;0;1;1;0;1;57;26;7;5
2023-11-10;100;5;3;Redes Sociais;50-100;33.0;63;Média;0;0;0;0;0;1;0;2;57;27;8;5
2023-11-11;105;5;3;Redes Sociais;<50;40.0;59;Média;0;0;0;0;0;0;1;2;57;32;8;5
2023-11-12;96;4;2;Redes Sociais;<50;21.0;59;Baixa;0;0;0;0;0;1;0;1;64;18;7;5
2023-11-13;99;4;3;Redes Sociais;<50;17.0;64;Baixa;0;0;0;0;0;1;1;1;67;18;4;7
2023-11-14;92;4;3;Redes Sociais;50-100;21.0;73;Baixa;0;0;0;1;0;1;0;1;55;14;12;8
2023-11-15;107;5;3;Redes Sociais;<50;22.0;75;Baixa;0;0;0;0;0;1;1;1;69;23;10;2
2023-11-16;102;5;3;Redes Sociais;<50;27.0;66;Baixa;0;0;0;0;0;0;0;3;58;28;2;11
2023-11-17;96;4;2;Redes Sociais;<50;27.0;112;Baixa;0;0;0;0;0;1;1;0;58;26;8;2
2023-11-18;93;4;2;Redes Sociais;50-100;31.0;63;Média;0;0;0;0;0;0;0;2;59;21;4;7
2023-11-19;102;5;3;Redes Sociais;<50;17.0;67;Baixa;0;0;0;0;0;1;1;1;56;31;8;4
2023-11-20;109;5;3;Redes Sociais;50-100;36.0;32;Média;0;0;0;0;0;3;0;0;64;22;17;3
2023-11-21;90;4;3;Redes Sociais;<50;26.0;59;Baixa;0;0;0;0;0;2;1;0;56;20;8;3
2023-11-22;97;4;2;Redes Sociais;50-100;11.0;72;Baixa;0;0;0;1;0;0;1;0;54;25;13;3
2023-11-23;103;5;2;Redes Sociais;<50;36.0;89;Média;0;0;0;0;0;1;0;1;62;26;11;2
2023-11-24;105;5;3;Redes Sociais;<50;25.0;76;Baixa;0;0;0;0;0;1;2;0;59;31;10;2
2023-11-25;103;5;4;Redes Sociais;<50;20.0;68;Baixa;0;0;0;0;0;2;2;0;56;16;20;7
2023-11-26;101;5;4;Redes Sociais;<50;26.0;62;Baixa;0;0;0;0;1;2;1;0;64;20;10;3
2023-11-27;108;5;4;Redes Sociais;<50;30.0;83;Baixa;0;0;0;0;0;0;2;2;71;21;4;8
2023-11-28;104;5;3;Redes Sociais;<50;24.0;84;Baixa;0;0;0;0;0;1;2;0;64;25;7;5
2023-11-29;91;4;2;Redes Sociais;50-100;23.0;61;Baixa;0;0;0;0;0;1;0;1;53;22;12;2
2023-11-30;91;4;3;Redes Sociais;<50;27.0;70;Baixa;0;0;0;0;0;0;2;1;61;15;9;3
2023-12-01;108;5;2;Redes Sociais;<50;10.0;100;Baixa;1;0;0;0;0;0;0;1;69;25;7;5
2023-12-02;106;5;3;Redes Sociais;<50;31.0;83;Média;0;0;0;0;0;1;2;0;62;29;9;3
2023-12-03;109;5;3;Redes Sociais;<50;25.0;73;Baixa;0;0;0;0;0;1;2;0;66;19;13;8
2023-12-04;99;4;2;Redes Sociais;<50;24.0;87;Baixa;0;0;0;0;0;1;0;1;53;27;10;7
2023-12-05;95;4;3;Redes Sociais;<50;36.0;72;Média;0;0;0;0;0;1;2;0;55;25;6;6
2023-12-06;104;5;3;Redes Sociais;<50;1.0;83;Baixa;0;0;1;0;0;1;1;0;59;28;11;3
2023-12-07;100;5;3;Redes Sociais;<50;23.0;82;Baixa;0;0;0;0;0;0;2;1;64;20;5;8
2023-12-08;94;4;2;Redes Sociais;<50;21.0;53;Baixa;0;0;0;0;0;0;1;1;57;21;9;5
2023-12-09;90;4;2;Redes Sociais;<50;12.0;63;Baixa;0;0;0;0;1;0;0;1;54;18;9;7
2023-12-10;97;4;3;Redes Sociais;<50;32.0;83;Média;0;0;0;0;0;0;1;2;57;21;11;5
2023-12-11;101;5;4;Redes Sociais;<50;32.0;52;Média;0;0;0;0;0;1;2;1;60;25;7;5
2023-12-12;101;5;3;Redes Sociais;<50;31.0;64;Média;0;0;0;0;0;0;2;1;58;27;11;2
2023-12-13;94;4;3;Redes Sociais;<50;25.0;115;Baixa;0;0;0;0;0;1;1;1;57;19;14;1
2023-12-14;96;4;3;Redes Sociais;<50;37.0;70;Média;0;0;0;0;0;1;0;2;54;25;10;4
2023-12-15;93;4;3;Redes Sociais;<50;15.0;69;Baixa;0;0;0;0;0;1;1;1;52;27;7;4
2023-12-16;95;4;2;Redes Sociais;<50;22.0;89;Baixa;0;0;0;0;0;1;0;1;56;24;10;3
2023-12-17;102;5;3;Redes Sociais;50-100;34.0;66;Média;0;0;0;0;0;1;2;0;55;27;11;6
2023-12-18;109;5;3;Redes Sociais;<50;27.0;113;Baixa;0;0;0;0;0;3;0;0;63;24;16;3
2023-12-19;104;5;3;Redes Sociais;<50;24.0;42;Baixa;0;0;0;0;0;1;1;1;60;21;11;9
2023-12-20;92;4;3;Redes Sociais;<50;31.0;89;Média;0;0;0;0;0;3;0;0;50;22;10;7
2023-12-21;97;4;1;Redes Sociais;<50;26.0;72;Baixa;0;0;0;0;0;0;1;0;50;27;14;5
2023-12-22;109;5;2;Redes Sociais;<50;18.0;68;Baixa;0;0;0;0;0;2;0;0;69;21;12;5
2023-12-23;105;5;2;Redes Sociais;50-100;27.0;82;Baixa;0;0;0;0;0;1;1;0;65;21;13;4
2023-12-24;102;5;2;Redes Sociais;<50;18.0;71;Baixa;0;0;0;0;0;0;1;1;60;29;7;4
2023-12-25;107;5;3;Redes Sociais;50-100;38.0;92;Média;0;0;0;0;0;0;0;3;66;22;9;7
2023-12-26;99;4;3;Redes Sociais;50-100;26.0;95;Baixa;0;0;0;0;1;0;0;2;61;19;9;7
2023-12-27;108;5;4;Redes Sociais;<50;21.0;43;Baixa;0;0;0;0;0;2;1;1;59;29;14;2
2023-12-28;106;5;4;Redes Sociais;<50;22.0;83;Baixa;0;0;0;0;0;1;2;1;58;27;12;5
2023-12-29;108;5;3;Redes Sociais;50-100;31.0;78;Média;0;0;0;0;0;1;1;1;59;30;11;5
2023-12-30;94;4;2;Redes Sociais;<50;27.0;78;Baixa;0;0;0;0;0;0;2;0;54;27;5;6
2023-12-31;98;4;2;Redes Sociais;<50;11.0;95;Baixa;0;0;0;0;0;1;0;1;72;14;8;2
2024-01-01;101;5;3;Redes Sociais;50-100;22.0;96;Baixa;0;0;0;0;0;1;1;1;63;21;14;0
2024-01-02;90;4;3;Redes Sociais;<50;0.0;82;Baixa;0;0;1;0;0;0;1;1;59;21;4;3
2024-01-03;90;4;2;Redes Sociais;<50;14.0;91;Baixa;0;0;0;0;0;0;2;0;58;20;7;3
2024-01-04;104;5;2;Redes Sociais;<50;35.0;69;Média;0;0;0;0;0;0;2;0;54;25;13;10
2024-01-05;91;4;2;Redes Sociais;<50;22.0;75;Baixa;0;0;0;0;0;1;0;1;55;23;6;5
2024-01-06;105;5;3;Redes Sociais;<50;14.0;62;Baixa;0;1;1;0;0;0;1;0;58;26;14;4
2024-01-07;97;4;3;Redes Sociais;<50;16.0;71;Baixa;0;0;0;0;0;2;1;0;51;22;16;5
2024-01-08;102;5;3;Redes Sociais;<50;19.0;89;Baixa;0;0;0;0;1;1;0;1;60;24;10;5
2024-01-09;90;4;2;Redes Sociais;<50;18.0;86;Baixa;0;0;0;0;0;1;1;0;53;23;10;2
2024-01-10;105;5;3;Redes Sociais;<50;9.0;76;Baixa;0;0;1;0;0;1;0;1;59;29;7;7
2024-01-11;96;4;2;Redes Sociais;<50;24.0;79;Baixa;0;0;0;0;0;0;1;1;60;19;10;5
2024-01-12;94;4;2;Redes Sociais;50-100;19.0;83;Baixa;0;0;0;0;1;0;1;0;57;22;8;5
2024-01-13;92;4;1;Redes Sociais;<50;30.0;84;Baixa;0;0;0;0;0;1;0;0;48;27;11;5
2024-01-14;101;5;3;Redes Sociais;50-100;21.0;46;Baixa;0;0;0;0;0;3;0;0;51;31;9;7
2024-01-15;105;5;3;Redes Sociais;<50;24.0;100;Baixa;0;0;0;0;1;0;0;2;60;30;6;6
2024-01-16;108;5;4;Redes Sociais;<50;29.0;69;Baixa;0;0;0;0;1;1;0;2;60;32;9;3
2024-01-17;94;4;3;Redes Sociais;<50;23.0;61;Baixa;0;0;0;0;0;1;2;0;57;19;9;6
2024-01-18;103;5;3;Redes Sociais;50-100;16.0;65;Baixa;0;0;0;0;2;1;0;0;64;26;7;3
2024-01-19;94;4;3;Redes Sociais;<50;23.0;64;Baixa;0;0;0;0;0;1;1;1;57;20;11;3
2024-01-20;104;5;3;Redes Sociais;<50;19.0;66;Baixa;0;0;0;0;0;0;2;1;59;28;10;4
2024-01-21;106;5;2;Redes Sociais;<50;29.0;59;Baixa;0;0;0;0;0;1;1;0;62;26;10;6
2024-01-22;103;5;3;Redes Sociais;<50;25.0;76;Baixa;0;0;0;0;0;1;1;1;54;33;9;4
2024-01-23;109;5;2;Redes Sociais;<50;17.0;78;Baixa;0;0;0;0;0;1;0;1;67;23;14;3
2024-01-24;94;4;2;Redes Sociais;<50;25.0;77;Baixa;0;0;0;0;0;1;0;1;47;25;12;8
2024-01-25;101;5;2;Redes Sociais;50-100;31.0;88;Média;0;0;0;0;0;0;2;0;65;21;7;6
2024-01-26;105;5;3;Redes Sociais;<50;27.0;66;Baixa;0;0;0;0;0;1;2;0;65;27;9;1
2024-01-27;105;5;3;Redes Sociais;50-100;22.0;80;Baixa;0;0;0;0;1;2;0;0;57;27;12;6
2024-01-28;96;4;3;Redes Sociais;<50;9.0;40;Baixa;0;0;0;0;0;2;1;0;56;18;11;8
2024-01-29;93;4;2;Redes Sociais;50-100;29.0;85;Baixa;0;0;0;0;0;2;0;0;56;22;10;3
2024-01-30;90;4;2;Redes Sociais;50-100;24.0;48;Baixa;0;0;0;0;0;1;0;1;48;23;8;9
2024-01-31;94;4;3;Redes Sociais;<50;5.0;76;Baixa;0;0;0;0;1;1;0;1;59;21;8;3
2024-02-01;99;4;2;Redes Sociais;<50;16.0;61;Baixa;0;0;0;0;0;1;0;1;61;23;8;5
2024-02-02;94;4;3;Redes Sociais;<50;23.0;74;Baixa;0;0;0;0;0;2;1;0;50;24;12;5
2024-02-03;93;4;2;Redes Sociais;<50;19.0;81;Baixa;0;0;0;0;0;1;1;0;60;18;11;2
2024-02-04;91;4;1;Redes Sociais;<50;28.0;63;Baixa;0;0;0;0;0;0;0;1;53;23;7;7
2024-02-05;109;5;3;Redes Sociais;<50;22.0;79;Baixa;0;0;0;0;0;0;2;1;61;26;15;4
2024-02-06;99;4;3;Redes Sociais;50-100;23.0;58;Baixa;0;0;0;0;0;2;0;1;61;24;5;6
2024-02-07;108;5;3;Redes Sociais;50-100;20.0;90;Baixa;0;0;0;0;0;1;1;1;68;23;11;3
2024-02-08;90;4;3;Redes Sociais;<50;25.0;69;Baixa;0;0;0;0;0;1;2;0;52;23;8;4
2024-02-09;94;4;2;Redes Sociais;<50;20.0;64;Baixa;0;0;0;0;0;0;0;2;57;20;10;5
2024-02-10;102;5;4;Redes Sociais;<50;18.0;78;Baixa;0;0;0;0;0;2;1;1;55;32;10;1
2024-02-11;93;4;3;Redes Sociais;<50;27.0;65;Baixa;0;0;0;0;0;1;0;2;63;18;6;3
2024-02-12;105;5;4;Redes Sociais;<50;15.0;85;Baixa;0;0;0;0;0;3;1;0;59;23;13;6
2024-02-13;105;5;2;Redes Sociais;<50;30.0;57;Baixa;0;0;0;0;0;1;1;0;63;25;9;6
2024-02-14;91;4;2;Redes Sociais;<50;28.0;45;Baixa;0;0;0;0;0;1;0;1;56;16;11;6
2024-02-15;106;5;4;Redes Sociais;<50;34.0;50;Média;0;0;0;0;0;0;3;1;65;20;12;5
2024-02-16;109;5;3;Redes Sociais;<50;19.0;83;Baixa;0;0;0;0;1;0;2;0;56;35;10;5
2024-02-17;101;5;4;Redes Sociais;<50;23.0;71;Baixa;0;0;0;0;0;1;1;2;53;27;9;8
2024-02-18;107;5;2;Redes Sociais;50-100;29.0;70;Baixa;0;0;0;0;0;1;0;1;55;36;8;6
2024-02-19;92;4;3;Redes Sociais;<50;22.0;81;Baixa;0;0;0;0;0;1;1;1;49;22;15;3
2024-02-20;90;4;3;Redes Sociais;<50;24.0;71;Baixa;0;0;0;0;0;1;1;1;54;22;7;4
2024-02-21;90;4;2;Redes Sociais;<50;24.0;81;Baixa;0;0;0;0;0;0;0;2;56;19;10;3
2024-02-22;108;5;3;Redes Sociais;50-100;30.0;60;Baixa;0;0;0;0;0;2;1;0;65;18;12;10
2024-02-23;100;5;4;Redes Sociais;<50;30.0;67;Baixa;0;0;0;0;0;3;0;1;60;20;10;6
2024-02-24;94;4;3;Redes Sociais;50-100;35.0;103;Média;0;0;0;0;0;0;2;1;52;23;10;6
2024-02-25;101;5;3;Redes Sociais;<50;21.0;86;Baixa;0;0;0;0;0;1;0;2;69;18;8;3
2024-02-26;92;4;2;Redes Sociais;<50;17.0;93;Baixa;0;0;0;0;0;0;1;1;62;19;5;4
2024-02-27;90;4;2;Redes Sociais;50-100;29.0;90;Baixa;0;0;0;0;0;0;1;1;59;17;6;6
2024-02-28;90;4;2;Redes Sociais;50-100;32.0;64;Média;0;0;0;0;0;0;1;1;51;26;6;5
2024-02-29;97;4;2;Redes Sociais;50-100;14.0;62;Baixa;0;0;0;0;1;0;1;0;60;19;12;4
2024-03-01;99;4;1;Redes Sociais;<50;26.0;63;Baixa;0;0;0;0;0;1;0;0;54;22;12;10
2024-03-02;100;5;3;Redes Sociais;50-100;29.0;61;Baixa;0;0;0;0;0;1;1;1;58;24;9;6
2024-03-03;101;5;2;Redes Sociais;<50;30.0;49;Baixa;0;0;0;0;0;0;2;0;69;19;10;1
2024-03-04;102;5;3;Redes Sociais;<50;27.0;70;Baixa;0;0;0;0;0;0;2;1;64;20;7;8
2024-03-05;101;5;4;Redes Sociais;<50;20.0;83;Baixa;0;0;0;0;0;2;2;0;60;24;5;8
2024-03-06;103;5;2;Redes Sociais;50-100;30.0;67;Baixa;0;0;0;0;0;0;1;1;69;23;6;3
2024-03-07;91;4;3;Redes Sociais;50-100;7.0;68;Baixa;0;0;0;1;1;1;0;0;46;28;10;4
2024-03-08;108;5;4;Redes Sociais;<50;22.0;91;Baixa;0;0;0;0;0;1;0;3;65;28;10;1
2024-03-09;107;5;3;Redes Sociais;50-100;23.0;61;Baixa;0;0;0;0;0;2;1;0;60;29;11;4
2024-03-10;92;4;1;Redes Sociais;<50;20.0;57;Baixa;0;0;0;0;0;1;0;0;48;30;7;6
2024-03-11;106;5;3;Redes Sociais;50-100;32.0;77;Média;0;0;0;0;0;1;2;0;56;29;10;8
2024-03-12;97;4;1;Redes Sociais;50-100;29.0;80;Baixa;0;0;0;0;0;1;0;0;50;30;13;3
2024-03-13;99;4;2;Redes Sociais;<50;14.0;56;Baixa;0;0;0;0;1;0;0;1;53;31;9;4
2024-03-14;91;4;2;Redes Sociais;<50;31.0;84;Média;0;0;0;0;0;1;1;0;63;15;6;5
2024-03-15;108;5;3;Redes Sociais;<50;6.0;71;Baixa;0;2;0;0;0;0;1;0;70;24;7;4
2024-03-16;98;4;2;Redes Sociais;<50;17.0;44;Baixa;0;0;0;0;0;1;0;1;50;23;14;9
2024-03-17;96;4;2;Redes Sociais;50-100;25.0;70;Baixa;0;0;0;0;0;0;2;0;60;22;3;9
2024-03-18;93;4;3;Redes Sociais;50-100;30.0;31;Baixa;0;0;0;0;0;1;1;1;54;31;2;3
2024-03-19;107;5;2;Redes Sociais;<50;17.0;81;Baixa;0;0;0;0;0;0;1;1;61;23;13;8
2024-03-20;102;5;4;Redes Sociais;<50;23.0;76;Baixa;0;0;0;0;0;2;1;1;59;24;7;8
2024-03-21;100;5;4;Redes Sociais;<50;25.0;73;Baixa;0;0;0;0;0;0;2;2;50;31;11;4
2024-03-22;93;4;1;Redes Sociais;<50;24.0;89;Baixa;0;0;0;0;0;0;1;0;56;18;10;8
2024-03-23;93;4;2;Redes Sociais;50-100;25.0;77;Baixa;0;0;0;0;0;0;1;1;56;23;8;4
2024-03-24;99;4;2;Redes Sociais;<50;20.0;42;Baixa;0;0;0;0;0;1;1;0;52;31;5;9
2024-03-25;94;4;2;Redes Sociais;<50;12.0;70;Baixa;0;0;0;0;0;1;0;1;58;22;10;2
2024-03-26;98;4;3;Redes Sociais;<50;24.0;75;Baixa;0;0;0;0;0;0;1;2;63;23;5;4
2024-03-27;92;4;3;Redes Sociais;<50;30.0;72;Baixa;0;0;0;0;0;2;0;1;57;24;5;3
2024-03-28;106;5;3;Redes Sociais;<50;8.0;88;Baixa;0;0;0;0;1;1;0;1;67;22;5;9
2024-03-29;92;4;3;Redes Sociais;50-100;27.0;92;Baixa;0;0;0;0;0;2;1;0;44;24;15;6
2024-03-30;105;5;2;Redes Sociais;50-100;20.0;80;Baixa;0;0;0;0;0;0;1;1;64;25;7;7
2024-03-31;93;4;2;Redes Sociais;<50;13.0;49;Baixa;0;0;0;0;1;0;0;1;57;24;7;3
2024-04-01;107;16;14;Formulário;50-100;31.0;42;Baixa;1;1;0;0;0;4;3;5;32;29;28;4
2024-04-02;106;15;10;Webinar;50-100;21.0;55;Baixa;0;0;0;0;1;5;3;1;39;26;17;14
2024-04-03;96;14;12;Webinar;50-100;37.0;39;Baixa;0;0;0;0;1;3;2;6;33;23;21;7
2024-04-04;94;14;9;Formulário;50-100;27.0;59;Baixa;0;0;1;0;1;1;4;2;35;27;16;7
2024-04-05;101;15;8;Formulário;50-100;30.0;40;Baixa;0;0;0;0;0;4;3;1;33;30;19;11
2024-04-06;106;15;9;LinkedIn;100-500;36.0;47;Baixa;0;0;0;0;0;0;2;7;38;30;19;10
2024-04-07;102;15;10;LinkedIn;50-100;27.0;58;Baixa;0;0;0;0;0;3;4;3;41;26;19;6
2024-04-08;92;13;11;LinkedIn;50-100;25.0;52;Baixa;0;0;0;0;0;2;5;4;27;27;16;11
2024-04-09;98;14;9;Formulário;50-100;38.0;48;Baixa;0;0;0;0;0;3;0;6;37;23;19;10
2024-04-10;106;15;11;LinkedIn;50-100;34.0;53;Baixa;0;1;0;0;0;3;2;5;26;38;17;14
2024-04-11;106;15;13;Formulário;50-100;30.0;43;Baixa;1;1;0;0;0;1;4;6;43;24;20;6
2024-04-12;109;16;10;Formulário;50-100;37.0;49;Baixa;1;0;0;0;0;0;4;5;43;24;22;10
2024-04-13;105;15;12;LinkedIn;50-100;27.0;40;Baixa;0;0;0;0;1;4;3;4;41;27;14;11
2024-04-14;102;15;8;LinkedIn;100-500;38.0;42;Baixa;0;0;0;0;1;2;3;2;41;30;10;13
2024-04-15;108;16;10;Formulário;50-100;27.0;55;Baixa;0;0;0;0;0;2;5;3;38;32;14;14
2024-04-16;106;15;11;Formulário;50-100;36.0;59;Baixa;0;0;0;0;0;2;5;4;43;29;14;9
2024-04-17;93;13;11;LinkedIn;50-100;24.0;42;Baixa;0;0;0;0;1;3;4;3;28;30;17;7
2024-04-18;101;15;11;LinkedIn;50-100;29.0;56;Baixa;0;0;0;0;0;2;5;4;32;30;18;10
2024-04-19;98;14;9;LinkedIn;50-100;33.0;24;Baixa;0;0;0;0;0;1;1;7;39;26;20;4
2024-04-20;108;16;12;Formulário;100-500;16.0;55;Baixa;1;0;0;0;0;4;3;4;43;30;9;14
2024-04-21;101;15;9;LinkedIn;50-100;30.0;49;Baixa;0;1;0;0;1;1;4;2;35;27;17;13
2024-04-22;98;14;8;LinkedIn;50-100;24.0;64;Baixa;0;0;0;1;1;3;2;1;28;29;27;6
2024-04-23;96;14;12;LinkedIn;50-100;31.0;57;Baixa;0;0;0;0;0;2;4;6;42;20;15;7
2024-04-24;103;15;6;Webinar;50-100;37.0;46;Baixa;0;0;0;0;0;1;2;3;40;30;17;10
2024-04-25;109;16;12;LinkedIn;50-100;36.0;53;Baixa;0;1;0;0;0;2;5;4;32;29;22;14
2024-04-26;108;16;8;Webinar;50-100;23.0;41;Baixa;0;0;0;0;0;1;5;2;36;30;26;8
2024-04-27;104;15;12;LinkedIn;50-100;40.0;60;Baixa;0;1;0;0;0;2;3;6;35;32;17;8
2024-04-28;105;15;12;LinkedIn;50-100;16.0;51;Baixa;0;0;0;0;2;1;6;3;35;35;16;7
2024-04-29;94;14;10;LinkedIn;50-100;41.0;40;Média;0;0;0;0;0;3;2;5;28;24;25;7
2024-04-30;92;13;8;LinkedIn;100-500;28.0;43;Baixa;0;0;0;0;0;4;2;2;28;26;20;10
2024-05-01;101;20;13;Webinar;500+;39.0;28;Baixa;0;0;0;1;0;3;5;4;17;25;39;7
2024-05-02;109;21;14;Formulário;500+;27.0;29;Baixa;0;0;0;0;0;6;6;2;30;29;29;7
2024-05-03;93;18;14;Webinar;500+;45.0;20;Baixa;0;0;1;0;1;3;5;4;17;15;37;10
2024-05-04;105;21;14;Formulário;100-500;37.0;25;Baixa;0;0;1;0;0;3;5;5;19;27;34;11
2024-05-05;96;19;14;Webinar;500+;30.0;17;Baixa;1;0;0;1;1;2;6;3;15;24;31;12
2024-05-06;102;20;12;Formulário;500+;43.0;15;Baixa;0;0;0;0;2;3;3;4;22;24;36;8
2024-05-07;99;19;13;Formulário;500+;37.0;20;Baixa;0;0;0;0;1;2;3;7;18;28;36;4
2024-05-08;96;19;15;LinkedIn;500+;41.0;33;Baixa;1;0;0;0;1;5;6;2;10;31;30;10
2024-05-09;103;20;15;LinkedIn;500+;33.0;22;Baixa;0;0;0;0;1;2;6;6;17;23;36;12
2024-05-10;94;18;13;Formulário;100-500;39.0;16;Baixa;0;0;0;1;1;4;2;5;15;33;30;3
2024-05-11;92;18;10;Webinar;500+;37.0;33;Baixa;1;0;0;2;0;2;3;2;13;22;38;9
2024-05-12;100;20;9;Formulário;500+;24.0;19;Baixa;0;0;0;0;1;4;1;3;13;31;35;12
2024-05-13;100;20;14;Formulário;500+;34.0;21;Baixa;0;0;0;0;1;3;6;4;15;29;37;5
2024-05-14;107;21;12;Formulário;500+;48.0;24;Baixa;0;0;0;0;0;0;7;5;17;32;39;7
2024-05-15;104;20;8;Webinar;500+;39.0;20;Baixa;0;0;0;1;2;2;3;0;16;22;52;6
2024-05-16;101;20;13;Webinar;100-500;39.0;24;Baixa;0;0;0;0;0;3;4;6;21;23;36;8
2024-05-17;98;19;13;Formulário;500+;29.0;20;Baixa;1;0;0;0;0;4;4;4;18;19;42;6
2024-05-18;99;19;8;LinkedIn;100-500;32.0;23;Baixa;0;0;0;0;0;3;2;3;16;30;38;7
2024-05-19;101;20;11;Formulário;500+;39.0;32;Baixa;0;0;0;0;0;3;5;3;14;25;39;12
2024-05-20;106;21;10;Formulário;100-500;21.0;28;Baixa;1;0;0;0;0;2;1;6;22;29;36;9
2024-05-21;95;19;14;Formulário;500+;36.0;24;Baixa;0;0;0;1;1;5;2;5;16;23;31;11
2024-05-22;96;19;12;Formulário;500+;33.0;13;Baixa;1;0;0;0;0;6;2;3;22;22;32;8
2024-05-23;103;20;14;Webinar;500+;39.0;22;Baixa;0;0;1;0;1;5;2;5;19;21;39;10
2024-05-24;102;20;10;Webinar;500+;33.0;26;Baixa;0;0;1;0;1;4;1;3;17;33;35;7
2024-05-25;97;19;13;LinkedIn;100-500;33.0;12;Baixa;0;0;0;0;1;3;4;5;13;27;35;9
2024-05-26;99;19;15;LinkedIn;100-500;38.0;19;Baixa;0;1;0;0;0;1;5;8;15;29;34;6
2024-05-27;98;19;11;Webinar;500+;29.0;28;Baixa;0;0;0;1;0;6;3;1;22;24;36;5
2024-05-28;107;21;12;Formulário;100-500;32.0;29;Baixa;0;0;0;0;1;2;4;5;15;28;41;11
2024-05-29;91;18;11;Formulário;100-500;28.0;32;Baixa;0;0;0;0;0;4;3;4;19;22;32;7
2024-05-30;94;18;13;LinkedIn;500+;37.0;25;Baixa;0;1;0;0;0;5;3;4;7;30;34;10
2024-05-31;94;18;11;LinkedIn;500+;44.0;20;Baixa;0;0;0;0;0;3;3;5;10;26;41;6
2024-06-01;95;19;13;Formulário;500+;43.0;26;Baixa;0;0;0;0;1;1;5;6;22;21;34;5
2024-06-02;108;21;13;Formulário;500+;39.0;13;Baixa;0;0;0;0;0;3;5;5;12;31;38;14
2024-06-03;97;19;15;LinkedIn;500+;44.0;33;Baixa;0;2;1;0;1;3;3;5;21;17;38;6
2024-06-04;105;21;15;LinkedIn;500+;47.0;24;Baixa;0;0;0;0;1;1;3;10;23;25;32;10
2024-06-05;102;20;15;Formulário;100-500;26.0;28;Baixa;0;0;0;1;1;5;3;5;19;26;36;6
2024-06-06;90;18;16;Formulário;500+;32.0;20;Baixa;0;0;0;1;0;6;4;5;13;19;33;9
2024-06-07;109;21;15;Webinar;500+;22.0;20;Baixa;0;1;0;0;2;5;3;4;25;24;31;14
2024-06-08;106;21;7;Webinar;500+;40.0;24;Baixa;0;0;0;0;0;4;1;2;25;26;38;10
2024-06-09;96;19;12;LinkedIn;100-500;29.0;27;Baixa;0;0;0;0;1;7;3;1;20;25;35;4
2024-06-10;102;20;11;Webinar;500+;33.0;27;Baixa;1;0;0;1;0;2;4;3;18;25;37;11
2024-06-11;93;18;15;Webinar;500+;44.0;13;Baixa;0;0;0;0;1;3;4;7;19;28;23;8
2024-06-12;93;18;10;Webinar;500+;32.0;25;Baixa;0;0;0;0;2;3;1;4;16;27;33;7
2024-06-13;95;19;14;Webinar;500+;36.0;23;Baixa;0;0;0;0;0;5;5;4;15;19;36;11
2024-06-14;108;21;14;LinkedIn;500+;34.0;18;Baixa;0;0;0;1;1;5;5;2;20;19;49;6
2024-06-15;101;20;14;Formulário;100-500;38.0;26;Baixa;0;1;0;1;2;2;3;5;17;36;32;2
2024-06-16;96;19;10;Formulário;500+;34.0;34;Baixa;0;0;0;0;1;3;3;3;13;26;40;7
2024-06-17;99;19;14;Formulário;500+;30.0;22;Baixa;0;0;1;0;2;5;5;1;17;27;32;9
2024-06-18;108;21;16;Formulário;500+;44.0;15;Baixa;0;0;0;0;1;4;4;7;18;36;26;12
2024-06-19;96;19;12;Formulário;100-500;41.0;33;Baixa;0;0;0;0;0;3;4;5;16;26;35;7
2024-06-20;92;18;15;Formulário;500+;34.0;16;Baixa;1;1;0;1;1;4;1;6;19;18;30;10
2024-06-21;102;20;11;Formulário;500+;37.0;23;Baixa;0;0;0;0;0;3;3;5;23;30;28;10
2024-06-22;102;20;13;Webinar;500+;33.0;21;Baixa;0;0;0;0;0;2;5;6;21;29;32;7
2024-06-23;107;21;14;LinkedIn;500+;46.0;27;Baixa;1;0;0;0;0;4;6;3;18;27;39;9
2024-06-24;109;21;14;Formulário;500+;39.0;17;Baixa;0;0;0;0;0;1;6;7;21;22;42;10
2024-06-25;97;19;13;LinkedIn;500+;40.0;24;Baixa;0;0;1;0;1;4;3;4;18;30;26;10
2024-06-26;98;19;12;Webinar;500+;34.0;15;Baixa;0;0;0;0;1;4;3;4;19;26;33;8
2024-06-27;96;19;10;Formulário;500+;29.0;24;Baixa;1;0;0;0;0;2;2;5;19;25;36;6
2024-06-28;90;18;15;LinkedIn;100-500;35.0;23;Baixa;1;0;0;1;0;3;4;6;13;23;30;9
2024-06-29;92;18;13;Webinar;500+;45.0;22;Baixa;0;0;0;0;0;4;5;4;17;32;23;7
2024-06-30;102;20;14;Formulário;500+;41.0;19;Baixa;1;0;0;0;1;4;2;6;15;30;32;11
2024-07-01;106;21;8;Formulário;500+;37.0;23;Baixa;0;0;0;0;0;4;1;3;19;30;43;6
2024-07-02;90;18;11;LinkedIn;500+;44.0;20;Baixa;0;1;0;0;0;3;2;5;17;22;33;7
2024-07-03;95;19;17;Formulário;500+;33.0;25;Baixa;0;0;1;1;0;1;6;8;14;27;30;7
2024-07-04;95;19;13;Formulário;500+;43.0;16;Baixa;0;0;0;0;0;3;4;6;15;23;33;11
2024-07-05;101;20;15;Formulário;500+;33.0;25;Baixa;0;0;0;0;2;5;3;5;15;27;37;7
2024-07-06;102;20;17;Formulário;500+;34.0;26;Baixa;0;0;0;0;0;9;4;4;16;27;34;8
2024-07-07;102;20;18;Formulário;100-500;38.0;18;Baixa;0;1;0;0;0;5;5;7;17;23;35;9
2024-07-08;104;20;13;LinkedIn;100-500;26.0;17;Baixa;0;0;0;1;4;3;5;0;20;29;34;8
2024-07-09;105;21;15;Webinar;500+;37.0;22;Baixa;0;0;0;0;1;7;1;6;16;25;41;8
2024-07-10;100;20;13;Formulário;500+;34.0;27;Baixa;0;0;0;0;2;2;2;7;12;27;38;10
2024-07-11;94;18;16;Formulário;500+;41.0;20;Baixa;0;0;1;0;1;3;5;6;11;29;28;10
2024-07-12;93;18;14;Formulário;100-500;40.0;28;Baixa;0;0;0;0;1;3;2;8;16;18;34;11
2024-07-13;92;18;11;LinkedIn;100-500;31.0;27;Baixa;0;0;0;0;0;3;4;4;22;23;23;13
2024-07-14;108;21;14;Formulário;100-500;37.0;25;Baixa;0;1;0;0;1;3;3;6;22;25;44;3
2024-07-15;109;21;13;Webinar;500+;44.0;11;Baixa;0;0;0;0;1;4;3;5;19;24;41;12
2024-07-16;107;21;7;Formulário;500+;38.0;21;Baixa;0;1;0;1;0;2;1;2;18;33;40;9
2024-07-17;104;20;13;Formulário;500+;31.0;23;Baixa;0;0;0;0;2;0;6;5;16;25;37;13
2024-07-18;98;19;16;Formulário;500+;46.0;23;Baixa;0;0;0;0;0;5;4;7;22;21;32;7
2024-07-19;106;21;15;Webinar;100-500;30.0;29;Baixa;0;1;0;1;1;5;3;4;9;29;48;5
2024-07-20;103;20;13;Formulário;500+;35.0;22;Baixa;0;0;0;0;1;5;4;3;24;27;29;10
2024-07-21;104;20;11;Formulário;100-500;39.0;22;Baixa;0;0;0;0;3;2;2;4;18;29;39;7
2024-07-22;90;18;15;Formulário;100-500;39.0;22;Baixa;0;0;0;0;1;3;3;8;14;22;33;6
2024-07-23;92;18;12;Formulário;500+;33.0;21;Baixa;0;0;1;0;0;3;2;6;20;21;25;14
2024-07-24;105;21;18;Formulário;100-500;33.0;21;Baixa;0;0;0;0;0;2;4;12;15;21;42;9
2024-07-25;100;20;16;LinkedIn;100-500;24.0;31;Baixa;0;0;0;1;0;4;8;3;23;21;35;5
2024-07-26;101;20;14;Webinar;100-500;34.0;24;Baixa;0;1;0;0;1;2;6;4;21;25;31;10
2024-07-27;99;19;8;Formulário;500+;41.0;18;Baixa;0;0;0;0;1;1;3;3;16;31;37;7
2024-07-28;105;21;11;LinkedIn;100-500;24.0;24;Baixa;0;1;1;0;0;2;4;3;14;37;36;7
2024-07-29;97;19;15;LinkedIn;100-500;26.0;23;Baixa;0;0;0;0;0;5;4;6;15;27;31;9
2024-07-30;95;19;12;Formulário;500+;46.0;28;Baixa;0;0;0;0;1;2;1;8;18;26;32;7
2024-07-31;101;20;11;Formulário;500+;35.0;26;Baixa;0;0;0;0;0;3;3;5;20;29;32;9
